000212121;001212121
022112121;122112121
202112121;212112121
002112121;202112121
012212121;112212121
212012121;212112121
012012121;212012121
002012121;102012121
220112121;221112121
020112121;220112121
020012121;020112121
200112121;202112121
200012121;201012121
000012121;200012121
000002121;000012121
000221121;001221121
002121121;022121121
012221121;112221121
212021121;212121121
012021121;212021121
102221121;112221121
102021121;122021121
002021121;012021121
000021121;020021121
001122121;021122121
012122121;112122121
210122121;211122121
010122121;210122121
000122121;100122121
212120121;212121121
012120121;212120121
002120121;102120121
000120121;020120121
011022121;011222121
101022121;101222121
001022121;101022121
001020121;001022121
110022121;110222121
010022121;010122121
210221121;211221121
010221121;012221121
011220121;011222121
110220121;110222121
010220121;010221121
112022121;112122121
112220121;112221121
112020121;112220121
012020121;112020121
210021121;212021121
210120121;212120121
211022121;211122121
211220121;211221121
211020121;211022121
210020121;211020121
010020121;210020121
100022121;100122121
100221121;120221121
101220121;101222121
100220121;110220121
100020121;100220121
000020121;010020121
022211121;122211121
202211121;212211121
002211121;202211121
212201121;212211121
012201121;212201121
122201121;122211121
102201121;102221121
002201121;102201121
220211121;221211121
020211121;220211121
020201121;020211121
200211121;202211121
200201121;201201121
000201121;002201121
212210121;212211121
012210121;212210121
002210121;102210121
020210121;020211121
200210121;201210121
000210121;200210121
000200121;000210121
022011121;222011121
022101121;022121121
122001121;122021121
022001121;122001121
002001121;022001121
022110121;222110121
022010121;122010121
202011121;222011121
202110121;222110121
212010121;212210121
202010121;212010121
002010121;202010121
212102121;212112121
012102121;212102121
002102121;102102121
022100121;122100121
202121121;212121121
202101121;222101121
212100121;212120121
202100121;212100121
002100121;202100121
112202121;112212121
112002121;112202121
012002121;112002121
112200121;112220121
012200121;112200121
212001121;212201121
212000121;212100121
012000121;212000121
102002121;102012121
102020121;102120121
102200121;102210121
122000121;122010121
102000121;122000121
002000121;102000121
020001121;020021121
220011121;222011121
220110121;222110121
220010121;221010121
020010121;220010121
020000121;020010121
200121121;220121121
200021121;201021121
202001121;212001121
220101121;220121121
220001121;221001121
200001121;202001121
200010121;202010121
201122121;211122121
221102121;221112121
201102121;201122121
210102121;212102121
200102121;210102121
201120121;221120121
200120121;210120121
221100121;221120121
220100121;221100121
200100121;220100121
201002121;201012121
201020121;201021121
201200121;201201121
221000121;221001121
201000121;221000121
200000121;201000121
000000121;000020121
000211221;001211221
002011221;002111221
020011221;020111221
200011221;200111221
000011221;200011221
000001221;000011221
000121221;001121221
012121021;012121221
102121021;102121221
002121021;102121021
000121021;002121021
000021021;001021021
012211221;112211221
212211021;212211121
012211021;212211021
002211021;102211021
020211021;020211121
200211021;201211021
000211021;200211021
000201021;000211021
022011021;022111021
202011021;202111021
002011021;202011021
002001021;002011021
220011021;220111021
020011021;220011021
020001021;020011021
200011021;220011021
200001021;200011021
000001021;200001021
000000021;000001021
021212211;121212211
001212211;201212211
000212211;010212211
022112211;122112211
202112211;212112211
002112211;202112211
002012211;002112211
220112211;221112211
020112211;220112211
221012211;221112211
021012211;221012211
020012211;120012211
200112211;220112211
201012211;201212211
200012211;210012211
000012211;200012211
000002211;000012211
000221211;001221211
000021211;002021211
021122211;121122211
201122211;211122211
001122211;201122211
010122211;012122211
100122211;102122211
000122211;001122211
000120211;002120211
011022211;011222211
101022211;101222211
001022211;001122211
001220211;001221211
021020211;021021211
201020211;201021211
001020211;001022211
110022211;110222211
010022211;110022211
010020211;010022211
100022211;110022211
100020211;100022211
000020211;001020211
022211211;122211211
002211211;202211211
012201211;012221211
102201211;102221211
002201211;102201211
000201211;002201211
002210211;012210211
020211211;220211211
021210211;221210211
020210211;120210211
000210211;200210211
011202211;011222211
101202211;101222211
001202211;101202211
001200211;001202211
010202211;010212211
010221211;012221211
011220211;011222211
110220211;110222211
010220211;110220211
010200211;010220211
100202211;100212211
100221211;102221211
101220211;101222211
100220211;110220211
100200211;100220211
000200211;100200211
000000211;000200211
000121201;002121201
000021201;001021201
012211201;212211201
002211201;102211201
020211201;021211201
000211201;200211201
000201201;001201201
002001211;002021211
022011211;222011211
022011201;022111201
202011211;202211211
202011201;202111201
002011201;202011201
002001201;002011201
020121211;022121211
020021211;021021211
020201211;021201211
022101211;022121211
122001211;122021211
022001211;122001211
020001211;022001211
220011211;220211211
220011201;220111201
020011201;220011201
020001201;020011201
200121211;202121211
200021211;201021211
200001211;200201211
200011201;200211201
200101221;200111221
200121201;201121201
202101211;202121211
202101201;202111201
220121211;221121211
220101211;222101211
220101201;220111201
200101201;220101201
200001201;200101201
000001201;200001201
000000201;000001201
000022011;000022111
000202011;000202111
002002011;002002111
020002011;020002111
200002011;200002111
000002011;200002011
000002001;000002011
000220011;000220111
002020011;002020111
020020011;020020111
200020011;200020111
000020011;000020211
000022101;000022111
000220101;000220111
002020101;002020111
020020101;020020111
200020101;200020111
000020101;000020121
002221011;002221111
020221011;020221111
200221011;200221111
000221011;200221011
000221001;000221011
002021011;002021211
002221101;002221111
022021101;022021111
202021101;202021111
002021101;002021121
002121001;002121021
112021021;112021221
012021021;012021121
012021001;012021201
102021021;112021021
102021001;102021021
002021001;002021101
022021011;022021111
220021011;220021111
020021011;220021011
020021001;020021011
202021011;202021111
200021011;220021011
200021001;200021011
000021001;002021001
001120221;001121221
011122221;111122221
211122021;211122121
011122021;211122021
101122221;111122221
101122021;121122021
001122021;011122021
001120021;021120021
010121221;012121221
211120221;211121221
011120221;211120221
010120221;011120221
110122221;111122221
112122021;112122121
110122021;112122021
010122021;110122021
112120021;112120221
012120021;012120121
210121221;211121221
212121021;212121121
210121021;212121021
211120021;211122021
210120021;211120021
010120021;210120021
100121221;102121221
101120221;121120221
110120221;112120221
100120221;110120221
100120021;100120221
000120021;010120021
211122201;211122211
011122201;211122201
121122201;121122211
101122201;121122201
001122201;101122201
221120211;221121211
021120211;021122211
021120201;021121201
201120211;201122211
201120201;201121201
001120201;001122201
110122201;112122201
010122201;011122201
010120201;012120201
100120201;100120221
000120201;001120201
002122011;002122111
020122011;020122111
200122011;200122111
000122011;000122211
002122101;002122111
020122101;020122111
200122101;200122111
000122101;200122101
000122001;000122101
002120011;002120211
022120101;022120111
202120101;202120111
002120101;202120101
002120001;002120101
120122211;121122211
120120211;122120211
020120211;021120211
022120011;022120111
220120011;220120111
020120011;020120211
020120101;020120121
020121001;020121021
021120001;021120021
120120001;120120021
020120001;020120011
210122211;211122211
210120211;212120211
200120211;201120211
202120011;202120111
200120011;200120211
220120101;220120111
200120101;200120121
200121021;201121021
202121011;202121211
202121101;222121101
212121001;212121201
202121001;212121001
200121001;202121001
201120021;201121021
221122011;221122111
201122011;201122211
221122101;221122111
201122101;201122121
211122001;211122201
201122001;211122001
221120011;221122011
221120001;221120011
201120001;201122001
210121201;212121201
211120201;211122201
210120201;211120201
212122011;212122111
210122011;210122211
212122101;212122111
210122101;210122121
210122001;211122001
212120011;212120211
212120101;212120121
212120001;212120101
210120001;212120001
200120001;210120001
000120001;200120001
001020021;001021021
001020201;001021201
001022011;001222011
001022101;001022121
021122011;021122211
021122101;021122121
121122001;121122021
021122001;021122011
001122001;201122001
011022021;111022021
011022201;111022201
011022001;011222001
101022021;111022021
101022201;111022201
101022001;101222001
001022001;001122001
001220011;001222011
001220121;001221121
001220101;001222101
001220001;001221001
021022011;021022111
021220011;021220111
221020011;221020111
021020011;221020011
021020001;021020011
201022011;201022111
201220011;201220111
201020011;221020011
201020001;201020011
001020001;001022001
010021221;011021221
010221021;011221021
210021021;211021021
010021021;012021021
011020221;011021221
011220021;011221021
211020021;211021021
011020021;211020021
010020021;011020021
010221201;011221201
010021201;012021201
011220201;011221201
211022211;211122211
211020211;211220211
211020201;211021201
011020201;211020201
010020201;011020201
010022011;010022211
010022101;010222101
012122011;012122211
012122101;212122101
012122001;012122101
010122001;210122001
110022021;110122021
110022201;111022201
110022001;110222001
010022001;010122001
010220011;010220211
010220101;010222101
012221011;012221211
212221101;212221111
012221101;012221121
112221021;112221121
112221001;112221201
012221001;012221101
210221011;210221211
210221101;212221101
210221001;210221101
010221001;012221001
011220001;011222001
110221221;111221221
110221021;112221021
110220021;111220021
110221201;112221201
110220201;111220201
110220001;110222001
010220001;010221001
012020011;012020211
012022101;012022111
012220101;012220111
212020101;212020111
012020101;012020121
012120001;012120201
112020021;112020121
112020001;112020201
012020001;012020101
210021211;210221211
210020211;211020211
210020011;210020211
210022101;210022111
210220101;210220111
210020101;210020121
210021201;211021201
212021011;212021211
212021101;212021121
212021001;212021101
210021001;212021001
211022011;211222011
211022101;211222101
211022001;211122001
211220011;211220211
211220101;211222101
211220001;211221001
211020001;211022001
210020001;211020001
010020001;210020001
100021221;101021221
100221021;101221021
100021021;102021021
101020221;101021221
101220021;101221021
101020021;121020021
110021221;112021221
110020221;111020221
110020021;112020021
100020021;110020021
100221201;101221201
100021201;102021201
101220201;101221201
121022211;121122211
121220211;121221211
121020211;121022211
121020201;121021201
101020201;121020201
100020201;101020201
100022011;100022211
100022101;100222101
100122021;100122121
100122201;101122201
102122011;102122211
102122001;102122101
122122011;122122111
120122011;120122211
120122001;120122101
100122001;100122201
100022001;100122001
100220011;100220211
100220101;100220121
102221011;102221211
122221101;122221111
102221101;102221121
102221001;102221101
120221211;121221211
122221011;122221111
120221011;122221011
120221001;120221011
100221001;102221001
101220001;101222001
100220001;100221001
102020011;102020211
102022101;102022111
102220101;102220111
122020101;122020111
102020101;122020101
102020001;102020101
120021211;122021211
120020211;121020211
120022011;120022111
120220011;120220111
122020011;122020111
120020011;120020211
120020101;120020121
120021001;120021021
121020001;121020021
120020001;120020011
100020001;120020001
000020001;100020001
000200011;000200211
000202101;000202111
002200101;002200111
020200101;020200111
200200101;200200111
000200101;200200101
000200001;000200101
022110211;222110211
022010211;122010211
202110211;222110211
202010211;212010211
002010211;202010211
002000211;002010211
002200011;002200111
022000011;022000111
202000011;202000111
002000011;202000011
002000001;002000011
220110211;222110211
221010211;221210211
220010211;221010211
020010211;220010211
221102211;221112211
021102211;221102211
122102211;122112211
120102211;120122211
020102211;120102211
122100211;122120211
022100211;122100211
020100211;022100211
121202211;121212211
121002211;121022211
021002211;121002211
021200211;021201211
221000211;221001211
021000211;021002211
120002211;120012211
122201211;122211211
120201211;122201211
120200211;120201211
122000211;122010211
120000211;120020211
020000211;120000211
020200011;020200111
220000011;220000111
020000011;020000211
020002101;020002111
022000101;022000111
220000101;220000111
020000101;220000101
020000001;020000101
200010211;200210211
201102211;221102211
212102211;212112211
210102211;210122211
200102211;210102211
212100211;212120211
202100211;212100211
200100211;202100211
211002211;211202211
201002211;201102211
201000211;201200211
210002211;210012211
210000211;210020211
200000211;210000211
200000011;200000211
200002101;200002111
202000101;202000111
200000101;220000101
200000001;200000101
000000001;000020001
000212112;001212112
000012112;002012112
021122112;121122112
001122112;201122112
010122112;012122112
000122112;100122112
000102112;002102112
011022112;011222112
101022112;101222112
001022112;101022112
001002112;001022112
110022112;110222112
010022112;110022112
010002112;010022112
100022112;100122112
100212112;102212112
101202112;101222112
110202112;110222112
100202112;110202112
100002112;100202112
000002112;100002112
000000112;000002112
021211212;121211212
001211212;201211212
000211212;010211212
002011212;002111212
020011212;020111212
200011212;200111212
000011212;200011212
000001212;000011212
021221112;121221112
001221112;201221112
012221112;112221112
010221112;210221112
102221112;112221112
120221112;121221112
100221112;120221112
000221112;100221112
022121112;122121112
002121112;202121112
012021112;212021112
122021112;122121112
102021112;102221112
002021112;102021112
020121112;220121112
021021112;221021112
120021112;120221112
020021112;120021112
000021112;200021112
021121212;121121212
001121212;201121212
010121212;012121212
100121212;102121212
000121212;100121212
000121012;000121212
011221212;111221212
011021212;211021212
101221212;111221212
121021212;121121212
101021212;121021212
001021212;101021212
011221012;211221012
121221012;121221112
101221012;121221012
001221012;101221012
021121012;221121012
121021012;121221012
021021012;121021012
001021012;201021012
110221212;111221212
110021212;112021212
010021212;110021212
010021012;010021212
100021212;101021212
112221012;112221112
110221012;112221012
100221012;110221012
102121012;102121212
112021012;112021212
102021012;102021112
120121212;121121212
122121012;122121112
120121012;120121212
120021012;121021012
100021012;120021012
000021012;100021012
022211112;122211112
202211112;212211112
002211112;022211112
212201112;212211112
012201112;012221112
122201112;122211112
102201112;122201112
002201112;102201112
220211112;221211112
020211112;022211112
221201112;221211112
021201112;021221112
120201112;122201112
020201112;120201112
200211112;220211112
200201112;200211112
000201112;020201112
002211012;012211012
221211012;221211112
021211012;021211212
120211212;121211212
122211012;122211112
120211012;122211012
020211012;120211012
200211012;200211112
000211012;020211012
011201212;211201212
121201212;121211212
101201212;121201212
001201212;101201212
121201012;121221012
021201012;121201012
201201112;201221112
201211012;201211212
211201012;211201212
201201012;211201012
001201012;201201012
010201212;010211212
010221012;110221012
012201012;012211012
210201112;210221112
210201012;210211012
010201012;010221012
102211212;112211212
100211212;120211212
112201212;112211212
110201212;112201212
100201212;110201212
102211012;122211012
112201012;112221012
102201012;112201012
120201012;121201012
100201012;120201012
000201012;100201012
022011112;222011112
022101112;222101112
122001112;122201112
022001112;122001112
202011112;222011112
202101112;202121112
212001112;212021112
202001112;212001112
002001112;202001112
022011012;022111012
202011012;202111012
002011012;202011012
002001012;002011012
220011112;222011112
220101112;220121112
221001112;221021112
220001112;221001112
020001112;220001112
220011012;220111012
020011012;020211012
020101212;020111212
020121012;120121012
022101012;022111012
220101012;220111012
020101012;020121012
221011212;221111212
021011212;021211212
221101212;221111212
021101212;021121212
121001212;121201212
021001212;121001212
221011012;221211012
221001012;221011012
021001012;021201012
122011212;122111212
120011212;120211212
122101212;122111212
120101212;120121212
120001212;121001212
122011012;122211012
122101012;122121012
122001012;122101012
120001012;120201012
020001012;120001012
200001112;200021112
200011012;220011012
200001012;200011012
000001012;020001012
000010212;000011212
021112212;121112212
201112212;211112212
001112212;021112212
000112212;010112212
000112012;002112012
001012212;011012212
001212012;001212112
021012012;021012112
201012012;201012112
001012012;201012012
000012012;001012012
002210112;012210112
020210112;021210112
200210112;200211112
000210112;200210112
000210012;000210112
002010112;002012112
002010012;002011012
020112112;022112112
020012112;021012112
022110112;022112112
122010112;122012112
022010112;122010112
020010112;022010112
020110212;020111212
221112012;221112112
021112012;021112212
120112212;121112212
120112012;122112012
020112012;021112012
022110012;022111012
220112112;221112112
220110112;222110112
220110012;220111012
020110012;020112012
221110212;221111212
021110212;021112212
121012212;121112212
121210212;121211212
121010212;121210212
021010212;121010212
021210012;021210112
221010012;221010112
021010012;021010212
122110212;122111212
120110212;120112212
120010212;121010212
120212112;121212112
120012112;122012112
121212012;121212112
121012012;121012212
120012012;121012012
122210112;122211112
120210112;122210112
121210012;121210212
120210012;121210012
122110012;122112012
122010012;122011012
120010012;122010012
020010012;120010012
200112112;202112112
200012112;201012112
202110112;202112112
202010112;212010112
220010112;221010112
200010112;220010112
200010012;200010112
000010012;020010012
000101212;000121212
002110212;002111212
200110212;200111212
000110212;200110212
000100212;000110212
011122212;111122212
211102212;211112212
011102212;211102212
001102212;011102212
011122012;211122012
101122212;111122212
121122012;121122112
101122012;121122012
001122012;101122012
221102112;221112112
021102112;221102112
021102012;021102112
201102112;201122112
201112012;221112012
201102012;201112012
001102012;201102012
000102012;001102012
012120112;012122112
002120112;102120112
021120112;221120112
020120112;120120112
000120112;200120112
011120212;211120212
121120212;121121212
101120212;121120212
001120212;101120212
121120012;121120212
021120012;121120012
001120012;201120012
110122212;111122212
110120212;112120212
010120212;110120212
010120012;010120212
100120212;101120212
100122012;100122112
102120012;102120112
120120012;120120112
100120012;100120212
000120012;100120012
002100112;002102112
002101212;002111212
012121012;012121212
002121012;102121012
002101012;002121012
002110012;002112012
012101212;012121212
012100212;012110212
012100012;012102012
102101212;102121212
102110212;102112212
112100212;112102212
102100212;112100212
102100012;102100212
002100012;102100012
000100012;002100012
201011212;201211212
201101212;201121212
211001212;211021212
201001212;211001212
001001212;201001212
001210212;011210212
201110212;221110212
201010212;201110212
001010212;021010212
121102212;121112212
121100212;121120212
021100212;121100212
201100212;201110212
001100212;021100212
011002212;011012212
011020212;111020212
011200212;011210212
211000212;211010212
011000212;211000212
001000212;011000212
001002012;001012012
001020112;001022112
011022012;111022012
011220112;011222112
011220012;111220012
011020012;211020012
101020212;111020212
101022012;101122012
101220112;101222112
101220012;111220012
121022112;121122112
121220112;121221112
121020112;121220112
121020012;121120012
101020012;121020012
001020012;101020012
001202112;001212112
001220112;101220112
001200112;001220112
201210012;201210112
001210012;201210012
001200012;001210012
021002112;021012112
021020112;121020112
021200112;021210112
221000112;221010112
021000112;021020112
221100112;221120112
221101012;221121012
221110012;221112012
221100012;221110012
021100012;021120012
121000212;121100212
121202112;121212112
121002112;121202112
121002012;121002112
121200112;121220112
121200012;121210012
121000012;121200012
021000012;121000012
201002112;201012112
201000112;201020112
201001012;201001212
201010012;221010012
201000012;201010012
001000012;021000012
010001212;010021212
010000212;010010212
010002012;010012012
010020112;010022112
110020212;111020212
110122012;112122012
110022012;111022012
110220112;110222112
110220012;111220012
112020112;112022112
112120012;112120212
112020012;112120012
110020012;112020012
010020012;110020012
010000012;010020012
102011212;122011212
102001212;102011212
100001212;120001212
100112212;102112212
101212212;111212212
101012212;121012212
100012212;110012212
101210212;121210212
100210212;110210212
102010212;102011212
100010212;120010212
101102212;121102212
110102212;112102212
100102212;101102212
100100212;102100212
101002212;111002212
101200212;111200212
101000212;121000212
110002212;110012212
110200212;110201212
112001212;112021212
112000212;112010212
110000212;112000212
100000212;110000212
101212012;121212012
100212012;101212012
100012012;102012012
100102012;102102012
101202012;101212012
101002012;121002012
100002012;101002012
100220112;100221112
102020112;102120112
120020112;120120112
100020112;100220112
100020012;101020012
100200112;100202112
102210112;102212112
102210012;112210012
100210012;120210012
101200012;121200012
110202012;110212012
112200112;112202112
112200012;112210012
110200012;112200012
100200012;110200012
102000112;102002112
102001012;102201012
102010012;102012012
112000012;112002012
102000012;102001012
120002112;120102112
120200112;121200112
122000112;122100112
120000112;120200112
120100212;121100212
120102012;120102112
122100012;122100112
120100012;120100212
120000012;121000012
100000012;120000012
000000012;100000012
000121210;000121212
001221210;001221211
021021210;021021211
201021210;201021211
001021210;001021212
010021210;010021212
121221210;121221211
101221210;121221210
100221210;101221210
100021210;102021210
000021210;001021210
002211210;012211210
021211210;221211210
122211210;122211211
120211210;120211212
020211210;120211210
000211210;200211210
021201210;021201211
001201210;201201210
011221210;211221210
110221210;112221210
010221210;110221210
010201210;010221210
102211210;122211210
102201210;102211210
120201210;120201211
100201210;120201210
000201210;100201210
022011210;022111210
202011210;202111210
002011210;202011210
002001210;002011210
220011210;220111210
020011210;020211210
221121210;221121211
021121210;021121212
120121210;122121210
020121210;021121210
022101210;022111210
220101210;220111210
020101210;020121210
221001210;221001211
021001210;021001212
121021210;121021212
120021210;121021210
122011210;122211210
122001210;122011210
120001210;120021210
020001210;120001210
200011210;200211210
200101212;200111212
201121210;201121212
210121210;210121212
200121210;210121210
200101210;200121210
201001210;201001212
210001212;210011212
211021210;211021212
210021210;211021210
210001210;210021210
200001210;210001210
000001210;200001210
000012210;000012211
001212210;011212210
121212210;121212211
121210210;121210212
021210210;121210210
001210210;201210210
000210210;010210210
002010210;002010211
221112210;221112211
021112210;221112210
122112210;122112211
120112210;120112212
020112210;120112210
022110210;022111210
220110210;220111210
020110210;020112210
121012210;121012212
021012210;121012210
221011210;221211210
221110210;221112210
221010210;221110210
021010210;221010210
120012210;120012211
120210210;120210211
122010210;122010211
120010210;120010212
020010210;120010210
201112210;221112210
200112210;210112210
202110210;202111210
200110210;220110210
200010210;200110210
000010210;020010210
002102211;002112211
000102211;200102211
002112210;002112211
000112210;020112210
211122210;211122211
011122210;211122210
121122210;121122211
101122210;121122210
001122210;101122210
121102210;121122210
021102210;121102210
211102210;211122210
201102210;211102210
001102210;201102210
010102212;010112212
110122210;112122210
010122210;011122210
012102211;012122211
012102210;012112210
210102210;210112210
010102210;010122210
100122210;101122210
102102211;102122211
102112210;102112212
112102210;112102212
102102210;112102210
100102210;102102210
000102210;010102210
121120210;121122210
021120210;121120210
211120210;211120212
201120210;201120211
001120210;201120210
010120210;010120212
100120210;102120210
000120210;001120210
002100211;002120211
002101210;002121210
002110210;202110210
002100210;002110210
221100211;221102211
221101210;221121210
221100210;221101210
021100210;021120210
120102210;121102210
120120210;121120210
122101210;122121210
122110210;122112210
122100210;122110210
120100210;120120210
020100210;120100210
200100210;200110210
000100210;020100210
001002211;001202211
201012210;211012210
001012210;021012210
011022210;111022210
011202210;011212210
211002210;211012210
011002210;211002210
001002210;011002210
011220210;111220210
211020210;211120210
011020210;211020210
101022210;111022210
101220210;101221210
121020210;121120210
101020210;121020210
001020210;101020210
011200210;211200210
101212210;121212210
101202210;101212210
121200211;121220211
121200210;121200211
101200210;121200210
001200210;101200210
121002210;121102210
121000210;121020210
021000210;121000210
201010210;201210210
201100210;201120210
211000210;211020210
201000210;201100210
001000210;201000210
010002211;010022211
010002210;010012210
110022210;111022210
110220210;111220210
110020210;112020210
010020210;110020210
010000210;010020210
100002211;100022211
100212210;100212211
102012210;102012211
100012210;120012210
100002210;100012210
100020210;101020210
100200210;100201210
102002211;102012211
102000211;102020211
102001210;102021210
102210210;102210211
102010210;122010210
102000210;102010210
120000210;121000210
100000210;120000210
000000210;100000210
000002010;000002011
000020112;100020112
000022110;000022111
000220110;000220111
002020110;002020111
020020110;020020111
200020110;200020111
000020110;000020112
000221010;000221011
002221110;002221111
022021110;022021111
202021110;202021111
002021110;002021112
002121010;002121012
012021012;112021012
012021010;012021012
102021010;102021210
002021010;002021110
020021010;020021011
200021010;200021011
000021010;002021010
002122110;002122111
020122110;020122111
200122110;200122111
000122110;200122110
000122010;000122110
022120110;022120111
202120110;202120111
002120110;202120110
002120010;002120110
220120110;220120111
020120110;220120110
020120010;020120110
200120110;200120112
200121010;200121012
201120010;201120012
210120010;210120012
200120010;200120011
000120010;200120010
001022110;001022112
221122110;221122111
021122110;221122110
021122010;021122110
201122110;201122112
211122010;211122012
201122010;201122011
001122010;201122010
011022010;011222010
101022010;101222010
001022010;001122010
001220110;001220112
021221010;021221011
201221010;201221011
001221010;001221012
011220010;011222010
101220010;101222010
001220010;001221010
021020010;021020011
201020010;201020011
001020010;001220010
010020010;010020012
100022110;100222110
102122010;102122110
120122010;120122110
100122010;100122210
110022010;110222010
100022010;100122010
100220110;100222110
122221110;122221111
102221110;102221112
112221010;112221210
102221010;102221110
120221010;120221011
100221010;102221010
110220010;110222010
100220010;100221010
102022110;102022111
102220110;102220111
122020110;122020111
102020110;122020110
102020010;102020110
120022110;120022111
120220110;120220111
120020110;122020110
120020010;120020110
100020010;100220010
000020010;100020010
000200112;000210112
000202110;000202111
002200110;002200111
020200110;020200111
200200110;200200111
000200110;200200110
000200010;000200110
002000010;002000011
020102112;021102112
022100112;122100112
220100112;221100112
020100112;220100112
020000112;120000112
020002110;020002111
022000110;022000111
220000110;220000111
020000110;020000112
022201011;022201111
220201011;220201111
020201011;220201011
020201010;020201011
022001011;022001211
022201110;022201111
022001110;222001110
022211011;222211011
022211110;222211110
122211010;122211012
022211010;122211010
022011010;222011010
022121011;022121211
022121110;222121110
122121010;122121210
022121010;122121010
022101010;022121010
122021011;122021211
122021110;122221110
122021010;122021110
122201011;122221011
122201010;122201011
122001010;122201010
022001010;122001010
220001211;221001211
220001011;222001011
220001110;220001112
220211011;220211211
220211110;222211110
221211010;221211210
220211010;221211010
220011010;220211010
220121011;222121011
220121110;220121112
221121010;221121012
220121010;221121010
220101010;220121010
221021010;221021011
221201010;221201011
221001010;221201010
220001010;221001010
020001010;020001210
020212011;020212111
022012011;022012111
220012011;220012111
020012011;220012011
020012010;020012011
022210011;022210111
220210011;220210111
020210011;220210011
020210010;020210011
022010011;222010011
022010110;022010112
022112011;222112011
022112110;022112112
122112010;122112012
022112010;122112010
022110010;022112010
122012010;122012011
122210010;122210011
122010010;122010012
022010010;122010010
220010011;220010211
220012110;220012111
220210110;220210111
220010110;222010110
220112011;222112011
220112110;222112110
221112010;221112210
220112010;221112010
220110010;222110010
221212011;221212111
221012011;221012211
221012010;221012110
221210011;221210211
221210010;221210110
221010010;221010210
220010010;221010010
020010010;220010010
020100012;120100012
022102011;022102111
220102011;220102111
020102011;020102211
022102110;022102111
220102110;220102111
020102110;220102110
020102010;020102110
022100011;022100211
022100110;222100110
122102011;122122011
122102010;122102011
122120011;122120211
122120010;122120110
122100010;122120010
022100010;122100010
220100211;221100211
220100011;222100011
220100110;220100112
221102011;221102211
221102110;221122110
221102010;221102110
221120010;221120011
221100010;221120010
220100010;221100010
020100010;020100210
021202011;021202111
221002011;221002111
021002011;021002211
021022110;021022111
021202110;021202111
221002110;221002111
021002110;221002110
021002010;021002110
221200011;221200111
021200011;221200011
021200010;021200011
221000011;221200011
221000010;221000011
021000010;021000210
120202011;120202111
122002011;122002111
120002011;122002011
120002010;120002011
122200011;122200111
120200011;122200011
120200010;120200011
122000011;122200011
122000010;122000011
120000010;120000210
020000010;120000010
200000112;200010112
200002110;200002111
202000110;202000111
200000110;220000110
200000010;200000110
000000010;020000010
000211122;001211122
002011122;002111122
020011122;020111122
200011122;200111122
000011122;200011122
000001122;000011122
001121122;021121122
012121122;112121122
010121122;210121122
000121122;100121122
012121102;212121102
002121102;102121102
021121102;021121122
020121102;120121102
000121102;200121102
011221122;111221122
011021122;211021122
101221122;111221122
101021122;121021122
001021122;101021122
001021102;001021122
110221122;111221122
112021122;112121122
110021122;112021122
010021122;110021122
011221102;211221102
112221102;112221112
110221102;112221102
010221102;110221102
112021102;112221102
012021102;112021102
010021102;210021102
100021122;100121122
121221102;121221112
101221102;121221102
100221102;110221102
102021102;102121102
120021102;120121102
100021102;100221102
000021102;100021102
012211122;112211122
212211102;212211112
012211102;012211122
102211122;112211122
122211102;122211112
102211102;122211102
002211102;102211102
020211102;021211102
200211102;200211112
000211102;002211102
001201122;001211122
001221102;101221102
021201102;021211102
201201102;201211102
001201102;001221102
210211122;211211122
010211122;012211122
211201122;211211122
011201122;211201122
010201122;011201122
112201122;112211122
112201102;112221102
012201102;112201102
210211102;212211102
210201102;210211102
010201102;012201102
120211122;121211122
100211122;102211122
121201122;121211122
101201122;121201122
100201122;101201122
102201102;112201102
120211102;122211102
121201102;121221102
120201102;121201102
100201102;120201102
000201102;100201102
022011102;022111102
202011102;202111102
002011102;002211102
002101122;002111122
022101102;022111102
202101102;202111102
002101102;202101102
002001102;002101102
220011102;220111102
020011102;220011102
020001102;020011102
200011102;220011102
200001102;200011102
000001102;000201102
000010122;000011122
000112122;001112122
000112102;002112102
000012102;001012102
000210102;000210112
002110122;002111122
002110102;002112102
212011122;212111122
012011122;012211122
012110122;012112122
112010122;112012122
012010122;012011122
012010102;012012102
122011122;122111122
102011122;102211122
102010122;102110122
102010102;102012102
002010102;002011102
020010102;020011102
200010102;200010112
000010102;002010102
020101122;020111122
200101122;200111122
000101122;200101122
000100122;000101122
001102122;001112122
011122122;111122122
011122102;211122102
001122102;101122102
021102102;021102112
201102102;201112102
001102102;201102102
000102102;001102102
011120122;211120122
001120122;101120122
021120102;121120102
001120102;201120102
010120122;110120122
010122102;110122102
012120102;112120102
010120102;210120102
000120102;100120102
002100102;002101102
220101102;220111102
020101102;220101102
020100102;020101102
210102112;210122112
200102112;210102112
200100112;200102112
200101102;200121102
200110122;200111122
200112102;201112102
202110102;202111102
220110102;220111102
200110102;220110102
200100102;200110102
000100102;200100102
000000102;000100102
212121120;212121121
012121120;212121120
002121120;102121120
000121120;020121120
001021120;001021122
211221120;211221121
011221120;211221120
010221120;011221120
112221120;112221121
112021120;112221120
012021120;112021120
210121120;210121122
211021120;211021122
210021120;210021121
010021120;210021120
101221120;121221120
110221120;112221120
100221120;110221120
102021120;102121120
100021120;120021120
000021120;010021120
212211120;212211121
012211120;212211120
122211120;122211121
102211120;102211122
002211120;102211120
020211120;020211121
200211120;201211120
000211120;002211120
001221120;001221121
021201120;021201121
201201120;201201121
001201120;201201120
000201120;001201120
022011120;022111120
202011120;202111120
002011120;002211120
022101120;022111120
202101120;202111120
002101120;202101120
002001120;002101120
220011120;220111120
020011120;220011120
020001120;020011120
200011120;220011120
200001120;200011120
000001120;000021120
000012120;000012121
000210120;000210121
012112120;012112122
002112120;102112120
022110120;022111120
202110120;202111120
002110120;202110120
002010120;002110120
020010120;020010121
200010120;200011120
000010120;200010120
000000120;000010120
002002101;002002111
000002101;200002101
000002100;000002101
020221101;020221111
200221101;200221111
000221101;200221101
000221100;000221101
022121101;022121121
022121100;122121100
202121110;202121112
212121100;212121102
202121100;212121100
002121100;202121100
212221110;212221111
012221110;012221112
112221100;112221120
012221100;112221100
212021110;212021112
212021100;212021101
012021100;212021100
102221100;112221100
122021101;122021121
122021100;122021110
102021100;102221100
002021100;102021100
020021101;020021121
020221110;020221111
220021110;220021111
020021110;020021112
020121100;020121120
121021102;121021122
021021102;121021102
021021100;021021102
120021100;120021120
020021100;020021110
220021101;220021111
200021101;220021101
200021100;200021101
000021100;020021100
211122120;211122121
011122120;211122120
001122120;101122120
001120120;021120120
010122120;110122120
012120120;112120120
211120120;211120122
210120120;210120121
010120120;210120120
000120120;100120120
000122100;000122101
002120100;002120101
020120100;020120110
200121100;200121102
201120100;201120102
210120100;210120102
200120100;200120101
000120100;200120100
011020122;111020122
011022102;111022102
011220102;111220102
011020102;211020102
101020122;101120122
101022102;101122102
101220102;111220102
121020102;121120102
101020102;121020102
001020102;101020102
011022120;111022120
011220120;011221120
211020120;211020121
011020120;211020120
101022120;101122120
101220120;111220120
101020120;121020120
001020120;011020120
021122100;021122110
211122100;211122102
201122100;201122101
001122100;201122100
011022100;011222100
101022100;101222100
001022100;001122100
021221100;021221101
201221100;201221101
001221100;001221102
011220100;011222100
101220100;101222100
001220100;001221100
021020101;021020121
021220110;021220111
221020110;221020111
021020110;021020112
021120100;021120120
121020100;121020120
021020100;021020110
201022101;201022111
201220101;201220111
221020101;221020111
201020101;221020101
201020100;201020101
001020100;021020100
110020122;110021122
110022102;110122102
110220102;111220102
112020102;112120102
110020102;112020102
010020102;110020102
110022120;110122120
110220120;111220120
112020120;112120120
110020120;112020120
010020120;110020120
010022110;010022112
012122100;012122101
210122110;210122112
210122100;210122101
010122100;210122100
110022100;110222100
010022100;010122100
010220112;110220112
010220110;010220112
210221100;210221101
010221100;012221100
110220100;110222100
010220100;010221100
012020112;112020112
012020110;012020112
212120110;212120112
212120100;212120101
012120100;212120100
112022101;112222101
112022110;112022112
112022100;112122100
112220101;112222101
112220112;112221112
112220110;112222110
112220100;112221100
112020100;112220100
012020100;112020100
210020110;210020112
210021100;210021102
211020100;211020102
210020100;210020101
010020100;210020100
100020102;100120102
100020120;100120120
100022100;100122100
120221101;120221121
120221110;120221112
121221100;121221120
120221100;120221110
100221100;120221100
100220100;100221100
102020100;102020101
120020100;120020110
100020100;100220100
000020100;100020100
000200100;000200101
002000101;202000101
002000100;002000101
020000100;020000101
200000100;200000101
000000100;000020100
000011022;000011122
000011202;000011212
001211022;001211122
011211202;011211222
101211202;101211222
001211202;101211202
001211002;001211202
011211022;011211222
110211022;110211222
010211022;010211122
010211202;010211212
012211002;012211012
210211002;210211012
010211002;010211022
101211022;101211222
100211022;100211122
110211202;110211222
100211202;100211212
112211022;112211122
112211202;112211212
112211002;112211022
102211002;112211002
121211022;121211122
121211202;121211212
121211002;121211202
120211002;121211002
100211002;120211002
000211002;100211002
002011002;002011012
020011002;020011102
200011002;200011012
000011002;000211002
000101022;000101122
000101202;000111202
011121022;011121222
101121022;101121222
001121022;101121022
001121002;001121022
110121022;110121222
010121022;110121022
010121002;010121022
100121022;100121122
101121202;101121222
110121202;110121222
100121202;110121202
100121002;100121202
000121002;100121002
000101002;000121002
001001122;001021122
001011022;001011222
001101022;001101222
011001022;011001222
101001022;101001222
001001022;101001022
001001002;001001022
212101122;212111122
012101122;212101122
012001122;012101122
210011122;212011122
210001122;210011122
010001122;210001122
010001022;010001122
010011202;010011222
010101202;010101222
011001202;011001222
110001202;110001222
010001202;110001202
010001002;010001202
102001122;102101122
120011122;122011122
120001122;120011122
100001122;120001122
100001022;100001122
100011202;100011222
100101202;100101222
101001202;101001222
100001202;100001212
101021022;111021022
101021202;111021202
101221002;111221002
121121002;121121022
121021002;121021012
101021002;121021002
110021022;110021122
110021202;111021202
110221002;111221002
112121022;112121122
112121002;112121202
112021002;112021102
110021002;112021002
100021002;110021002
101201022;101201122
101201202;111201202
121201002;121211002
101201002;121201002
110201122;112201122
110201022;111201022
110201202;110201212
112201002;112211002
110201002;112201002
100201002;110201002
122011102;122211102
122001102;122101102
102001102;102201102
102011022;102111022
102011202;102011212
122011002;122111002
102011002;102211002
102101022;102101122
102101202;102111202
102121002;102121102
122101002;122101012
102101002;122101002
102001002;102101002
120001102;120201102
120011022;120011122
120011202;120111202
120011002;120211002
120101022;120101122
120101202;120111202
120121002;120121102
120101002;122101002
120001002;120101002
100001002;100201002
000001002;100001002
000001020;000001021
000001200;000001201
000121000;000121002
011021022;111021022
011121202;011121222
011021202;111021202
011221002;111221002
011021002;211021002
001021002;101021002
001021020;001021021
001021200;001021201
001221000;001221001
021021000;021021001
201021000;201021001
001021000;001021002
010021002;110021002
010121020;010121022
011021220;011021221
011221020;011221021
211021020;211021021
011021020;211021020
010021020;011021020
010121202;110121202
010121200;010121202
011221200;011221201
211021200;211021201
011021200;211021200
010021200;011021200
010221010;010221210
211221000;211221001
011221000;211221000
010221000;011221000
012121002;112121002
012121000;012121002
112121020;112121220
112021020;112021120
112021000;112021200
012021000;012021100
210021010;210021012
210121000;210121002
211021000;211021002
210021000;210021001
010021000;210021000
101121220;101121222
110121220;110121222
100121220;110121220
100121020;100121220
101021220;101021221
101221020;101221021
101021020;121021020
110021220;111021220
110221020;111221020
110021020;112021020
100021020;110021020
100121200;100121202
101221200;101221201
121021200;121021201
101021200;121021200
100021200;101021200
121221000;121221001
101221000;121221000
100221000;101221000
102121020;102121120
102121000;102121200
102021000;102021100
120021010;120021210
120121000;120121020
121021000;121021020
120021000;120021010
100021000;120021000
000021000;100021000
002201011;002201211
022201101;022201111
202201101;202201111
002201101;002201121
022211101;222211101
022211001;122211001
202211011;202211211
202211101;222211101
212211001;212211201
202211001;212211001
002211001;202211001
112201221;112211221
112201021;112221021
012201021;112201021
112201201;112221201
012201201;112201201
012201001;012201201
102201021;102211021
102201201;102211201
122201001;122201011
102201001;102221001
002201001;102201001
020201001;020201011
200201011;200201211
220201101;220201111
200201101;220201101
200201001;200201101
000201001;002201001
202201110;202201111
002201110;002201112
202211110;222211110
202211010;212211010
002211010;022211010
012201210;012211210
012221010;012221110
212201011;212201211
212201110;212221110
212201010;212201110
012201010;012221010
102201010;102221010
002201010;102201010
200221110;200221111
220201110;220201111
200201110;220201110
200201010;200201110
000201010;002201010
122211100;122211102
022211100;122211100
212211100;212211120
202211100;212211100
002211100;202211100
112201120;112221120
012201120;112201120
212201101;212201121
212201100;212201110
012201100;012221100
102201120;112201120
122201101;122221101
122201100;122201101
102201100;102221100
002201100;102201100
020201101;220201101
020201100;020201101
200201100;200201101
000201100;002201100
000211020;000211021
001211200;001211202
010211221;210211221
011211220;011211222
110211220;110211222
010211220;110211220
010211200;010211220
100211220;100211221
102211200;102211201
120211200;120211201
100211200;100211202
000211200;100211200
112211220;112211221
112211020;112211022
012211020;112211020
012211200;012211210
212211000;212211010
012211000;012211020
102211020;102211021
122211000;122211001
102211000;102211002
002211000;102211000
220211101;222211101
220211001;221211001
020211001;220211001
020211000;020211001
200211001;200211201
200211010;200211210
220211100;221211100
200211100;202211100
201211002;201211102
201211020;201211021
201211000;201211200
210211021;210211221
210211120;212211120
211211022;211211122
211211020;211211220
210211020;210211120
210211000;210211200
200211000;200211100
000211000;200211000
011201022;011201122
011201202;111201202
211201102;211221102
211211002;211211202
211201002;211211002
011201002;211201002
001201002;101201002
001201020;001201021
001201200;001201201
021201000;021201001
201201000;201201001
001201000;001201002
010201002;110201002
010201221;011201221
210201121;212201121
210201021;211201021
010201021;012201021
211201120;211221120
210201120;211201120
010201120;012201120
010211020;010211220
011201220;011201221
211201020;211201021
011201020;211201020
010201020;011201020
010201201;012201201
011201200;211201200
110201221;112201221
110201220;110201221
110221200;111221200
112201210;112221210
112211200;112211220
112201200;112211200
110201200;112201200
010201200;110201200
112201020;112211020
112221000;112221100
112201000;112221000
012201000;112201000
210201001;210201201
210201010;210201210
210201100;212201100
210201000;210201100
010201000;012201000
100201221;100211221
120201121;120221121
120201021;120211021
100201021;120201021
100201020;100201021
120201201;120201211
100201201;120201201
100201200;100201201
102201000;112201000
120201001;122201001
120201000;120201001
100201000;102201000
000201000;100201000
022001101;022001121
022011001;222011001
022101021;022111021
022101201;022111201
122121001;122121021
022121001;122121001
022101001;022121001
122001021;122011021
122001201;122011201
122021001;122121001
122001001;122021001
022001001;122001001
002001001;022001001
212001211;212021211
202001211;212001211
202001011;202001211
202001110;202001112
202011010;222011010
202101012;202111012
202101210;202111210
212121010;212121012
202121010;212121010
202101010;202121010
212001012;212011012
212001210;212011210
212021010;212121010
212001010;212021010
202001010;212001010
002001010;202001010
022011100;222011100
022101100;222101100
122011120;122211120
122001120;122011120
122001100;122201100
022001100;122001100
202001101;222001101
202011100;222011100
202101100;202121100
212011102;212211102
212001102;212011102
212011120;212211120
212101120;212121120
212001120;212101120
212001100;212021100
202001100;212001100
002001100;202001100
002011020;002011021
002011200;002011201
022011000;022111000
202011001;202211001
202011000;202111000
002011000;002211000
002101002;002101102
002101221;002111221
002101021;002121021
002101020;002101120
002101201;002121201
002101200;002111200
002121000;102121000
002101000;002121000
012001212;012011212
012001012;012021012
012001102;012201102
012011022;012111022
012011202;012011212
212011002;212011012
012011002;212011002
012001002;012011002
212011221;212111221
012011221;212011221
012001221;012011221
212011021;212211021
212101221;212111221
212101021;212121021
212001021;212101021
012001021;212001021
012001120;212001120
012011220;012011221
212011020;212111020
012011020;012211020
012101022;012101122
012101221;012121221
012101220;012111220
012121020;012121120
212101020;212111020
012101020;012121020
112001122;112201122
112011022;112011222
112101022;112101222
112001022;112001122
112001221;112021221
112011220;112011222
112101220;112101222
112001220;112101220
112001020;112001220
012001020;012101020
012001201;012021201
012001210;012021210
212011201;212211201
212011200;212011210
012011200;212011200
012001200;012011200
212101201;212121201
212001201;212101201
212001001;212001201
212011000;212211000
212001000;212011000
012001000;012201000
102001221;102011221
102001021;102021021
102001120;102201120
102011220;102011221
122011020;122011021
102011020;122011020
102001020;102011020
102001201;102021201
122011200;122011201
102011200;122011200
102001200;102011200
122001000;122001010
102001000;102201000
002001000;102001000
020001001;022001001
220001101;222001101
220011100;222011100
220101120;220111120
220121101;220121121
221121100;221121102
220121100;221121100
220101100;220121100
221001102;221011102
221001120;221001121
221021100;221021101
221201100;221201101
221001100;221201100
220001100;221001100
020001100;020021100
020011020;020011021
020011200;020011201
220011001;222011001
220011000;220111000
020011000;220011000
020001000;020011000
202101021;202111021
202101001;202121001
202001001;212001001
200001001;202001001
200001010;200001210
200001100;202001100
200011020;200011021
200011200;200111200
200011000;200211000
200101012;200121012
200101002;200111002
220101021;220111021
200101021;220101021
200101020;200101021
200101200;200101201
201121000;201121002
200121000;210121000
200101000;200121000
201001122;201011122
201001102;201021102
201011022;201011122
201011202;201111202
221011002;221011012
201011002;221011002
201001002;201011002
201001020;201001021
201001200;201001201
221001000;221001001
201001000;221001000
200001000;201001000
000001000;002001000
020110122;020111122
000110122;200110122
000110022;000110122
000110202;000110212
001112022;001112122
011112202;011112222
101112202;101112222
001112202;001112212
021112002;021112102
201112002;201112012
001112002;001112202
010112122;012112122
011112022;011112222
110112022;110112222
010112022;110112022
010112002;010112022
100112022;100112122
110112202;110112222
100112202;110112202
100112002;100112202
000112002;001112002
002110002;002111002
020112102;021112102
022110102;022111102
020110102;220110102
020110002;020110102
200112012;201112012
202110012;202111012
200110012;220110012
200110002;200110012
000110002;000112002
001010022;001010122
001011202;001011222
001110202;001110222
011010202;011010222
101010202;101010222
001010202;001010212
001012002;001012012
001210002;001210012
021010002;021010102
201010002;201010012
001010002;001010202
010012122;011012122
010210122;011210122
210010122;210011122
010010122;012010122
010011022;010011222
010110022;010110222
011010022;011010222
110010022;110010222
010010022;010010122
010010202;010010212
010012002;010012012
010210002;010210012
012010002;012010012
210010002;210010012
010010002;010010022
100012122;100112122
100210122;101210122
120010122;120011122
100010122;120010122
100010022;100010122
100110202;100110222
110010202;110010222
100010202;100010212
100212102;101212102
100012102;102012102
101012022;101012122
101012202;111012202
101212002;101212012
121012002;121012102
101012002;121012002
100012002;101012002
112210122;112211122
112210102;112212102
102210102;102211102
120210102;121210102
100210102;102210102
101210022;101210122
101210202;111210202
121210002;121210102
101210002;121210002
100210002;101210002
102110022;102110122
102110202;102111202
102110002;102112002
112110022;112110222
112010022;112110022
112010002;112010022
102010002;102011002
120012102;120112102
122010102;122110102
120010102;122010102
120010002;120010102
100010002;102010002
000010002;100010002
000010221;000011221
000012021;000012121
000210021;000210121
002010021;002011021
020010021;020010121
200010021;200011021
000010021;200010021
000010020;000010021
000012201;000012211
001210221;001211221
011212221;111212221
011212201;211212201
001212201;101212201
021210201;021211201
001210201;201210201
011210221;211210221
010210221;110210221
010212201;010212211
012210201;012210211
010210201;210210201
000210201;100210201
002010201;002010211
020010201;020011201
200110221;200111221
201112221;211112221
221112201;221112211
201112201;221112201
210112221;211112221
212112201;212112211
210112201;210112221
200112201;210112201
202110201;202111201
220110201;220111201
200110201;200112201
201010221;201011221
211012221;211112221
211012201;211212201
201012201;201112201
201010201;201210201
210011221;210211221
212110221;212111221
210110221;210112221
211010221;211210221
210010221;210110221
210012201;210012211
210010201;210210201
200010201;200110201
000010201;200010201
000011220;000011221
000011200;000211200
021112221;121112221
001112221;201112221
012112221;112112221
010112221;210112221
000112221;100112221
002110221;002111221
020110221;020111221
000110221;200110221
000110220;000110221
002112201;002112211
021112201;221112201
020112201;120112201
000112201;200112201
011112220;011112222
101112220;101112222
001112220;001112221
121112202;121112212
121112220;121112221
121112200;121112202
021112200;121112200
211112202;211112212
211112220;211112221
211112200;211112220
201112200;211112200
001112200;201112200
010112202;010112212
110112220;110112222
010112220;010112221
012112201;212112201
012112200;012112201
210112200;210112210
010112200;010112220
100112200;100112202
000112200;010112200
022110201;022111201
002110201;202110201
002110200;002110201
020110201;220110201
020110200;020110201
200110200;200110210
000110200;000112200
011012221;211012221
001012221;101012221
021010221;021011221
001010221;201010221
001010220;001010221
021012201;121012201
001012201;201012201
011012202;011012212
011012220;111012220
011212200;011212210
211012200;211012210
011012200;211012200
001012200;011012200
011210202;011210212
011210220;111210220
011210200;211210200
101210220;101210221
101212200;101212201
121210200;121210201
101210200;121210200
001210200;101210200
221010201;221011201
021010201;221010201
021010200;021010201
201011220;201011221
201011200;201211200
201110202;201110212
221110221;221111221
201110221;201112221
201110220;201111220
221110201;221112201
221110200;221111200
201110200;201112200
211010202;211010212
211011220;211011222
211110220;211110222
211010220;211110220
211010200;211010220
201010200;201110200
001010200;201010200
010012221;110012221
012010221;012011221
010010221;210010221
010011220;010011222
010110220;010110222
011010220;011010222
110010220;110010222
010010220;010010221
012012201;012012211
010012201;210012201
010012200;010012201
010210200;010210210
212010201;212010211
012010201;212010201
012010200;012010201
210010200;210010210
010010200;010010220
100010220;100010221
100012200;100012201
100210200;100210201
102010200;102010201
120010200;120010201
100010200;100010202
000010200;100010200
002212011;002212111
200212011;200212111
000212011;200212011
000212001;000212011
202012011;202012111
002012011;202012011
002012001;002012011
020012001;020012011
200012011;220012011
200012001;200012011
000012001;200012001
000012000;000012001
202210011;202210111
002210011;202210011
002210001;002210011
020210001;020210011
200210011;200210211
200212101;200212111
202210101;202210111
220210101;220210111
200210101;220210101
200210001;200210101
000210001;200210001
000210000;000210001
022012101;022012111
022210101;022210111
022010101;222010101
022110021;022111021
022112101;222112101
022112001;122112001
022110001;222110001
022010001;122010001
202010011;222010011
202012101;202012111
202010101;222010101
202110021;202111021
202112011;222112011
202112101;222112101
212112021;212112121
212112001;212112021
202112001;212112001
202110001;222110001
212110021;212112021
212010021;212110021
212012001;212012011
212210001;212210011
212010001;212010021
202010001;212010001
002010001;202010001
002012010;002012011
002210010;002210011
202012110;202012111
202210110;202210111
202010110;222010110
202112110;202112112
202112010;212112010
202110010;222110010
202010010;212010010
002010010;022010010
002212101;002212111
002012101;202012101
002012100;002012101
002210101;202210101
002210100;002210101
022112100;122112100
022110100;222110100
122010120;122010121
122012100;122012101
122210100;122210101
122010100;122210100
022010100;122010100
212112100;212112102
202112100;212112100
202110100;202112100
212010102;212010112
212110122;212111122
212112120;212112121
212110120;212112120
212010120;212110120
212212101;212212111
212012101;212012121
212012100;212012110
212210101;212210121
212210100;212210110
212010100;212010120
202010100;212010100
002010100;202010100
012112021;212112021
002112021;102112021
002110021;202110021
002110020;002110021
002112001;202112001
002112010;002112012
002112100;002112102
012112000;012112002
102112000;102112002
002112000;002112001
022110000;022111000
202110000;202111000
002110000;002112000
012012021;112012021
012210021;112210021
012010021;212010021
112012120;112012122
012012120;012012121
112212120;112212121
112210120;112210122
012210120;112210120
012010120;212010120
012110022;012111022
012110221;212110221
012110220;012110221
112112020;112112022
012112020;012112021
212110020;212111020
012110020;012112020
112010020;112010022
012010020;012110020
012212001;012212011
012012001;212012001
012012000;012012001
012210001;212210001
012210000;012210001
212010000;212010010
012010000;012010020
102010020;102010021
102012000;102012001
102210000;102210001
122010000;122010001
102010000;102010002
002010000;102010000
220012101;220012111
220010101;222010101
220110021;220111021
220112101;222112101
221112021;221112121
221112001;221112201
220112001;221112001
220110001;222110001
221010021;221010121
221012001;221012101
221210001;221210101
221010001;221210001
220010001;221010001
020010001;220010001
020010000;020010001
200010001;202010001
200012010;200012011
200212110;200212111
200210110;220210110
200210010;200210110
200010010;220010010
200012101;220012101
200012100;200012101
200210100;200210101
220110120;220111120
220112100;221112100
220110100;222110100
220010100;221010100
200010100;202010100
201112021;201112221
210112021;212112021
200112021;210112021
200110021;200112021
200112120;201112120
200110120;220110120
200110020;200110120
200112001;220112001
200112010;220112010
200112100;202112100
201112020;201112120
221112000;221112100
201112000;201112200
210112002;210112012
210112122;211112122
210112120;212112120
211112022;211112122
211112020;211112220
210112020;211112020
212112000;212112010
210112000;210112020
200112000;210112000
220110000;220111000
200110000;200112000
201012021;201012121
201210021;201210121
201010021;221010021
201010020;201010021
201212011;201212211
201212001;201212101
201012001;201012201
201212010;201212110
201012010;221012010
201012000;201012010
201210001;201210201
201210010;201210210
201210000;201210100
221010000;221010001
201010000;201010200
210212121;211212121
210012121;212012121
211212021;211212121
211012021;211012221
210012021;211012021
210210121;212210121
211210021;211210221
210210021;210210121
210010021;212010021
210012120;211012120
210210120;211210120
210010120;212010120
210011022;210011122
210011220;210111220
210011020;210211020
210110122;212110122
210110022;210110122
210110220;210111220
210110020;210112020
211010022;211010122
211010020;211010220
210010020;210110020
210212001;210212011
210012001;210012021
210012000;210012010
210210001;210210201
210210000;210210010
210010000;210010020
200010000;210010000
000010000;200010000
000100002;000100102
020101221;020111221
000101221;200101221
000100221;000101221
020102121;020112121
000102121;200102121
020112021;020112121
000112021;200112021
211102221;211112221
011102221;211102221
121102221;121112221
101102221;121102221
001102221;101102221
021102121;021122121
021112021;221112021
021102021;021112021
211102021;211122021
201102021;211102021
001102021;201102021
112102221;112112221
110102221;112102221
010102221;110102221
112102021;112122021
012102021;112102021
210102021;211102021
010102021;210102021
100102221;100112221
102102021;102102121
120102021;120102121
100102021;120102021
000102021;100102021
002100021;002110021
020100121;020120121
020101021;020121021
020110021;220110021
020100021;020110021
200100021;200101021
000100021;000120021
020112120;020112121
000112120;200112120
000102120;000112120
002100120;002101120
020101120;020121120
020110120;220110120
020100120;020110120
201121120;201121122
200121120;210121120
200101120;200121120
200100120;200110120
000100120;200100120
000100020;000100120
121102201;121122201
021102201;121102201
211102201;211122201
201102201;211102201
001102201;201102201
012102201;012112201
210102201;211102201
010102201;210102201
102102201;102112201
120102201;120112201
100102201;100122201
000102201;100102201
002100201;002110201
020121201;021121201
020101201;220101201
020100201;020101201
200100201;200101201
000100201;000120201
000101220;000101221
001121202;101121202
001121200;001121202
000121200;100121200
000101200;000121200
001101202;001101222
011100202;011100222
101100202;101100222
001100202;001100212
021100221;021101221
201100221;201101221
001100221;201100221
001100220;001100221
011102202;011102212
011102220;111102220
011122200;111122200
211102200;211112200
011102200;211102200
101102202;111102202
101102220;101102221
101122200;111122200
121102200;121112200
101102200;121102200
001102200;101102200
011120202;111120202
011120220;011120221
211121200;211121202
211120200;211120201
011120200;211120200
101120202;111120202
101120220;111120220
121120201;121120221
121121202;121121212
121121200;121121220
121120200;121120210
101120200;121120200
001120200;101120200
221100201;221101201
021100201;021102201
021101202;021111202
021101220;021101221
021121200;021121201
221101200;221101201
021101200;221101200
021100200;021101200
201100201;201102201
201101202;201111202
201101220;201101221
201121200;201121201
201101200;221101200
201100200;201101200
001100200;001120200
010100212;010120212
010110202;010110222
110100202;110100222
010100202;110100202
010100200;010100202
100100202;110100202
100100200;100100202
000100200;001100200
202102011;202102111
002102011;202102011
002102001;002102011
022102101;022102111
220102101;220102111
020102101;220102101
020102001;020102101
200102011;200102211
202102101;202102111
200102101;200102121
221102101;221122101
221102001;221102101
201102001;201122001
212102011;212122011
212102001;212102011
210102001;210122001
200102001;210102001
000102001;200102001
002102010;002102011
200102110;200102112
201102010;201122010
210102012;210112012
210122010;210122011
212102010;212102011
210102010;210122010
200102010;210102010
000102010;200102010
002102101;202102101
002102100;002102101
020102100;020102101
201102120;201112120
221102100;221102101
201102100;201122100
210112102;212112102
211102122;211112122
211102102;211122102
210102102;211102102
210102100;210102102
200102100;201102100
000102100;200102100
000112020;000112120
020112001;220112001
020112010;022112010
020112100;220112100
020112000;020112100
000112000;200112000
001102002;001102012
021102120;021112120
001102120;201102120
001102020;001102120
011122002;111122002
011122020;111122020
211122000;211122001
011122000;211122000
101122002;101122012
101122020;101122120
121122010;121122210
121122000;121122100
101122000;121122000
001122000;101122000
021102001;021122001
021102010;021102210
021102100;221102100
021102000;021102100
211102012;211122012
211112002;211112202
211102002;211112002
211102120;211122120
211102020;211112020
211102000;211122000
201102000;211102000
001102000;201102000
010122012;110122012
010102012;010122012
011102122;211102122
010102122;011102122
010102102;012102102
011102022;011102122
011102002;211102002
010102002;011102002
012102120;112102120
210102120;211102120
010102120;210102120
010112020;010112022
011102020;211102020
110102022;110102122
110102220;110102221
110122020;110122021
112102020;112102021
110102020;112102020
010102020;110102020
110102202;111102202
110122200;111122200
112102201;112122201
112112200;112112202
112102200;112112200
110102200;112102200
010102200;011102200
010122010;010122012
110122002;110122102
112122001;112122201
112122010;112122012
112122000;112122100
110122000;112122000
010122000;110122000
012102001;212102001
012102000;012102001
210102000;211102000
010102000;210102000
100102002;100102102
100102020;100102021
100102200;101102200
100122000;100122100
122102001;122102011
102102001;122102001
102102000;102102001
120102001;122102001
120102000;120102001
100102000;100102200
000102000;100102000
011120022;111120022
011120002;211120002
101120022;101120122
121120002;121120102
101120002;121120002
001120002;101120002
001121020;001121022
211121020;211121022
211120020;211120021
011120020;211120020
101120020;121120020
001120020;011120020
021120010;021120210
021121002;121121002
021121000;021121002
121120000;121120020
021120000;021120010
211120000;211120002
201120000;201120001
001120000;201120000
110120022;110120122
110120202;111120202
112120002;112120102
110120002;112120002
010120002;110120002
110120220;111120220
112120020;112120120
110120020;112120020
010120020;110120020
110120200;112120200
010120200;011120200
012120012;112120012
012120010;012120012
112120000;112120200
012120000;012120100
210120000;210120001
010120000;210120000
100120002;100120102
100120020;100120120
100120200;101120200
102120021;102120121
102120001;102120201
102120010;102120210
102120000;102120100
120120010;120120210
120120000;120120100
100120000;100120200
000120000;100120000
022100101;222100101
122100021;122100121
122101221;122111221
122101201;122121201
122100201;122110201
122120001;122120101
122100001;122120001
022100001;122100001
202100011;202100211
202100101;222100101
212100021;212110021
212110201;212112201
212100201;212110201
212100001;212120001
202100001;212100001
002100001;202100001
002100010;002100012
022100100;122100100
212100112;212102112
202100112;212100112
202100110;202100112
212101102;212121102
212110102;212112102
212100102;212110102
212100100;212100102
202100100;212100100
002100100;202100100
012100122;012101122
012100102;012102102
012101202;012111202
012101002;012121002
012110202;012110212
012110002;012112002
112100022;112100122
112101202;112101222
112110202;112110222
112100202;112110202
112100002;112100202
012100002;112100002
012100000;012100002
102100002;102100102
102101221;102121221
102100221;102110221
102100021;122100021
102100020;102100021
102100201;102120201
102100210;102100212
102101220;102111220
102101200;102121200
102110220;102110221
102112200;102112201
122110200;122110201
102110200;122110200
102100200;102110200
122100000;122100001
102100000;122100000
002100000;102100000
220100101;220100121
220121001;221121001
220101001;222101001
221100021;221101021
221100001;221120001
220100001;221100001
020100001;020120001
221101122;221111122
221101102;221121102
221100102;221110102
221101120;221121120
221100120;221110120
221120101;221120121
221120110;221120112
221120100;221121100
221100100;221120100
220100100;221100100
020100100;220100100
020101002;020101102
020101020;020111020
020101200;020101201
020121010;022121010
020121000;120121000
020101000;020121000
020110020;020110021
020110000;220110000
020100000;020110000
200100001;202100001
200100012;200110012
212101212;212111212
212101012;212121012
212100012;212110012
212101210;212121210
212100210;212110210
212120010;212121010
212100010;212120010
202100010;212100010
200100010;202100010
200100100;202100100
201100012;201120012
201101122;201121122
201100122;201110122
201100102;201120102
201101022;201111022
201101002;201121002
201110022;201110122
221110002;221110012
201110002;221110002
201100002;201110002
201100021;201102021
201120120;211120120
201100120;201120120
201121020;201121021
221101020;221101021
201101020;221101020
201100020;201101020
221100000;221100001
201100000;201120000
210101212;210121212
210100212;210110212
210100012;210120012
210101122;210121122
210100122;210110122
210100102;210102102
210101022;210111022
210101202;210111202
210101002;210121002
210110202;210110212
212110002;212110012
210110002;212110002
210100002;210110002
210101221;212101221
210100221;210101221
210100021;212100021
212100120;212110120
210100120;212100120
210101220;210101221
210121020;210121021
210101020;210121020
211100122;211120122
211101022;211101222
211110022;211110222
211100022;211110022
211100020;211100022
210100020;210110020
210100201;210120201
210120210;211120210
210100210;210120210
210121200;211121200
210101200;210121200
212110200;212110201
210110200;212110200
210100200;210110200
212101002;212111002
212101200;212111200
212121000;212121100
212101000;212121000
212110000;212112000
212100000;212110000
210100000;210120000
200100000;210100000
000100000;200100000
001000122;001010122
001002102;001012102
001200102;001210102
021001122;021011122
021001102;021021102
021000102;021010102
201000102;201010102
001000102;201000102
001000002;001000102
001000221;001001221
001002121;001022121
001212021;001212121
021012021;021012121
001012021;201012021
001002021;001012021
001202121;001212121
021200121;021201121
001200121;201200121
001200021;001200121
021002121;021012121
021000121;021020121
021000021;021001021
201000021;201000121
001000021;201000021
001000020;001000021
011002221;111002221
011202201;111202201
211002201;211102201
011002201;211002201
101002221;101012221
101202201;101212201
121002201;121012201
101002201;121002201
001002201;101002201
001200201;001201201
021000201;021001201
201000201;201001201
001000201;201000201
001000200;001000201
001202011;001202211
001202101;001222101
021212011;221212011
021212001;021212011
001212001;201212001
001202001;001212001
021022101;021022111
021202101;021202111
221002101;221002111
021002101;221002101
021002001;021002101
201202011;201202111
201002011;201002211
201202101;201202111
201002101;221002101
201002001;201002101
001002001;001022001
001202110;001222110
021212010;021212011
001212010;201212010
001202010;001212010
201022110;201022111
201202110;201202111
201002110;221002110
201002010;201002110
001002010;001022010
001002120;001012120
001202100;001212100
021002100;021002101
201002100;201002101
001002100;001022100
001012020;001012021
001212000;001212001
021012001;221012001
021012000;021012001
001012000;201012000
001002000;001012000
011020002;111020002
011020020;011020021
011020200;011020201
011022000;111022000
011220000;011221000
211020010;211020012
211020000;211020001
011020000;211020000
101020002;101020102
101020020;111020020
101020200;101020201
101022000;101122000
101220000;101221000
121022011;121222011
121022110;121222110
121022010;121122010
121220011;121222011
121220110;121222110
121221010;121221012
121220010;121221010
121020010;121220010
121020000;121020010
101020000;121020000
001020000;101020000
021200001;021200011
201200011;201200211
221200101;221200111
201200101;221200101
201200001;201200101
001200001;201200001
001200000;001200001
221000001;221000011
021000001;221000001
021000000;021000001
201000001;221000001
201000000;201000001
001000000;001020000
010000122;010001122
010212102;010212112
010012102;012012102
011002122;011012122
011202112;011222112
011202102;011212102
211002112;211022112
211002102;211012102
011002102;211002102
010002102;011002102
010202112;010212112
010200112;010220112
012210102;012210112
210210102;210210112
010210102;210210102
010200102;010210102
012000112;012002112
112000122;112100122
112000102;112002102
012000102;012001102
210002112;210012112
210000112;210020112
210001102;210021102
210012102;210012112
210010102;212010102
210000102;210010102
010000102;012000102
010100122;210100122
010100022;010100122
010100002;010100202
011200122;011201122
211001122;211021122
211000122;211010122
011000122;211000122
011000022;011000122
011000202;011000212
011202012;011212012
211002012;211012012
011002012;211002012
011002002;011002012
211202112;211212112
211200112;211220112
211200012;211210012
011200012;211200012
011200002;011200012
211000012;211020012
211000102;211020102
211011022;211011222
211001022;211101022
211001002;211001022
211012002;211012012
211210002;211210012
211010002;211210002
211000002;211010002
011000002;211000002
010000002;011000002
210001221;210101221
010001221;210001221
010000221;010001221
010212121;210212121
010202121;010212121
211202121;211212121
211002121;211022121
210002121;211002121
010002121;210002121
010212021;010212121
010012021;210012021
011202121;011222121
011212021;211212021
011202021;011212021
211002021;211102021
011002021;211002021
110002221;110012221
110202121;110222121
110202021;110212021
112002021;112002121
110002021;112002021
010002021;110002021
211200121;211220121
210200121;211200121
010200121;012200121
010210021;210210021
011200221;011201221
211200021;211200121
011200021;211200021
010200021;011200021
012100221;012110221
012100021;212100021
112000221;112010221
112200021;112210021
112000021;112020021
012000021;112000021
210000121;212000121
210001021;212001021
211000221;211001221
211000021;211002021
210000021;211000021
010000021;210000021
010212120;010212121
010012120;012012120
011202120;011212120
211002120;211012120
011002120;211002120
010002120;011002120
010210120;012210120
211200120;211200121
011200120;211200120
010200120;011200120
012100120;212100120
112002120;112002121
112200120;112210120
112000120;112200120
012000120;112000120
210001120;212001120
211000120;211020120
210000120;211000120
010000120;210000120
010001220;010001221
211001020;211001022
210001020;210101020
010001020;210001020
011012022;011012122
011212020;011212021
211012020;211012120
011012020;211012020
010012020;011012020
011210022;011210122
211210020;211210120
011210020;211210020
010210020;011210020
010010020;210010020
010100221;210100221
010100220;010100221
112100221;112120221
112110220;112110222
112100220;112110220
112100020;112100220
012100020;012110020
010100020;210100020
011000221;211000221
011000220;011000221
011002020;011002120
011200020;011200021
211000020;211000120
011000020;211000020
110212122;111212122
110012122;112012122
110002122;110102122
110210122;112210122
110200122;111200122
110000122;112000122
110000022;110000122
110200221;110201221
110000221;112000221
110000220;110000221
110002020;110002021
110020020;110020120
110200021;112200021
110200020;110200021
112000020;112000120
110000020;112000020
010000020;110000020
010002201;010012201
011200201;211200201
110202211;110222211
110202201;110212201
112202211;112212211
112200211;112220211
112200201;112210201
110200201;112200201
010200201;110200201
012002211;012012211
012000211;012020211
012000201;012010201
210001201;210201201
211000201;211200201
210000201;210100201
010000201;210000201
010001200;010001202
011002200;011002210
011200200;111200200
211011202;211011222
211101202;211101222
211001202;211101202
211001200;211001202
211100212;211120212
211110202;211110222
211100202;211110202
211100200;211100202
211000200;211100200
011000200;211000200
110000202;110000212
112002211;112022211
112002201;112012201
110002201;112002201
110002200;110002201
110020201;112020201
110021200;112021200
110020200;111020200
110200200;110200201
112000201;112020201
112002210;112012210
112000210;112020210
112011202;112011222
112001202;112101202
112001200;112001202
112010202;112010212
112010220;112010221
112012200;112012201
112210200;112210201
112010200;112210200
112000200;112010200
110000200;112000200
010000200;110000200
010202011;010222011
010202101;010222101
010212001;210212001
010202001;010212001
012022011;012022111
012202011;012202111
212002011;212002111
012002011;212002011
012002001;012002011
210022011;210022111
210202011;210202111
210002011;212002011
210002001;210002011
010002001;010022001
010022010;110022010
010002010;010022010
010202110;010222110
012212101;212212101
012212100;012212101
210212101;212212101
210212100;210212101
010212100;210212100
010202100;010212100
012202101;012202111
212002101;212002111
012002101;212002101
012002100;012002101
210202101;210202111
210002101;210002121
210022110;210022111
210202110;210202111
212002110;212002111
210002110;212002110
210002100;210002110
010002100;010022100
010212000;010212001
010012000;210012000
010002000;010012000
110020002;110020102
110022000;110122000
110221000;112221000
110220000;111220000
112020010;112020012
112020000;112020100
110020000;112020000
010020000;110020000
012200211;012210211
012220011;012220111
212200011;212200111
012200011;212200011
012200001;012200011
210200011;210200211
212200101;212200111
210200101;212200101
210200001;210200101
010200001;010220001
010200012;010210012
010200210;010210210
010202010;010212010
010220010;110220010
010200010;010220010
012200101;012200121
012200112;012210112
012202110;012202111
012220110;012220111
212200110;212200111
012200110;212200110
012200100;012200110
210200100;210200101
010200100;010220100
010210000;210210000
010200000;010210000
212000211;212010211
212020011;212020111
212000011;212200011
212000001;212000011
012000001;012020001
012000012;012010012
012000210;012010210
012002010;012002011
012020010;112020010
012000010;012020010
212000101;212000121
212000112;212010112
212020110;212020111
212000110;212200110
212000100;212000110
012000100;012020100
112001002;112001202
112000002;112100002
112000000;112000002
012000000;012010000
210000001;210020001
210001012;210021012
210000012;210010012
210000210;210010210
210002010;210002011
210020010;211020010
210000010;210020010
210000100;210020100
210011202;210011212
210011002;212011002
210001002;210011002
210011200;210211200
210001200;211001200
210001000;210001200
211000000;211000200
210000000;210100000
010000000;210000000
100000122;100001122
100002102;100102102
101200122;101201122
101202102;101212102
121200102;121210102
101200102;121200102
100200102;101200102
102000102;102100102
120000102;120010102
100000102;120000102
100000002;100000102
120001221;120011221
100001221;120001221
100000221;100001221
100202121;100212121
120002121;120012121
100002121;120002121
100002021;100002121
100200121;100220121
100200021;100201021
102000021;102000121
120000121;120020121
120001021;120021021
120000021;120010021
100000021;100020021
100002120;100002121
120211120;122211120
120201120;120211120
100201120;102201120
100212120;100212121
102210120;102210121
120210120;120210121
100210120;120210120
100200120;100210120
102000120;102000121
120001120;120021120
120012120;120012121
120010120;122010120
120000120;120010120
100000120;120000120
100000020;100000120
100002201;100012201
100200201;100201201
102000201;102010201
120121201;120121221
120021201;121021201
120001201;122001201
120000201;120001201
100000201;120000201
100000200;100000201
100202011;100222011
100202101;100222101
100202001;100212001
102022011;102022111
102202011;102202111
102002011;122002011
102002001;102002011
120002001;120002011
100002001;100022001
100202110;100202112
102212010;102212011
120212010;120212011
100212010;120212010
100202010;100212010
102002010;102002011
100002010;100022010
102212100;102212101
120212100;120212101
100212100;120212100
100202100;100212100
102202101;102202111
122002101;122002111
102002101;122002101
102002100;102002101
120022101;120022111
120202101;120202111
120002101;122002101
120002100;120002101
100002100;120002100
100002000;100002100
100020000;110020000
102200211;102210211
102220011;102220111
102200011;122200011
102200001;102200011
120200001;120200011
100200001;100220001
102200010;102200011
100200010;100220010
122200101;122200111
102200101;122200101
102200100;102200101
120200121;120210121
120220101;120220111
120200101;122200101
120200100;120200101
100200100;100220100
100210020;100210021
100212000;100212001
120210000;120210001
100210000;120210000
100200000;100210000
122000001;122000011
102000001;122000001
102000000;102000001
120000001;120020001
122000101;122200101
122000100;122000101
120000100;122000100
120000000;120000100
100000000;100020000
000000000;100000000
